extra_cost,goal,new_goal,original_cost,original_path,removed_at_step,removed_song,replanned_cost,replanned_found,replanned_path,scenario,start,switched_at_song,switched_at_step
0.0352,s28,,0.558,s01 → s03 → s26 → s28,1,s03,0.5932,True,s01 → s06 → s25 → s28,song_removed,s01,,
0.1441,s24,,0.7115,s05 → s03 → s04 → s21 → s24,2,s04,0.8556,True,s03 → s08 → s16 → s13 → s19 → s24,song_removed,s05,,
0.0192,s20,,0.4842,s09 → s15 → s20,1,s15,0.5034,True,s09 → s14 → s20,song_removed,s09,,
0.2872,s25,,0.4316,s13 → s16 → s25,1,s16,0.7188,True,s13 → s11 → s26 → s25,song_removed,s13,,
-0.0349,s22,,0.6215,s02 → s04 → s21 → s22,2,s21,0.5866,True,s04 → s19 → s24 → s22,song_removed,s02,,
,s17,s28,0.5107,s01 → s04 → s17,,,0.558,True,s01 → s03 → s26 → s28,goal_changed,s01,s01,1
,s22,s05,0.7651,s09 → s15 → s23 → s21 → s22,,,0.4564,True,s15 → s16 → s05,goal_changed,s09,s15,2
,s25,s17,0.4316,s13 → s16 → s25,,,0.1235,True,s13 → s17,goal_changed,s13,s13,1
,s28,s20,0.4857,s02 → s07 → s06 → s25 → s28,,,0.4798,True,s07 → s03 → s04 → s20,goal_changed,s02,s07,2
